id,purchase_order_id,product_id,quantity,unit_price,vat_rate,currency
1,1,43,201.899,395.25,20,RUB
2,1,51,142.663,385.64,20,RUB
3,1,46,234.949,242.43,10,RUB
4,1,13,81.707,418.81,20,RUB
5,1,18,45.305,285.12,0,RUB
6,2,48,412.368,195.1,20,RUB
7,2,35,288.052,228.73,0,RUB
8,2,15,140.194,312.43,10,RUB
9,2,69,317.775,509.55,10,RUB
10,3,44,382.461,367.22,0,RUB
11,3,36,30.107,276.6,0,RUB
12,3,52,145.904,241.66,20,RUB
13,4,62,488.65,205.4,20,RUB
14,4,44,145.815,329.27,10,RUB
15,4,27,127.933,428.31,0,RUB
16,4,35,312.973,325.67,20,RUB
17,4,3,378.346,380.46,20,RUB
18,5,53,197.803,394.87,20,RUB
19,5,49,311.985,135.92,0,RUB
20,5,5,54.677,199.37,20,RUB
21,6,58,447.024,501.69,0,RUB
22,6,50,146.941,177.45,0,RUB
23,6,53,126.998,422.67,10,RUB
24,6,44,223.245,367.22,20,RUB
25,7,32,226.839,180.43,20,RUB
26,7,58,445.178,537.62,20,RUB
27,7,14,377.84,583.34,0,RUB
28,8,60,311.663,132.63,10,RUB
29,8,69,307.211,457.17,10,RUB
30,8,33,80.813,122.66,0,RUB
31,8,53,304.467,431.63,20,RUB
32,9,14,450.242,411.51,10,RUB
33,9,36,304.213,191.53,10,RUB
34,9,31,480.721,132.69,20,RUB
35,9,44,468.28,419.07,0,RUB
36,10,2,364.847,189.13,10,RUB
37,10,21,53.836,308.89,10,RUB
38,10,66,180.633,338.22,10,RUB
39,10,32,189.631,180.43,10,RUB
40,11,54,489.789,322.6,10,RUB
41,11,16,33.509,255.38,0,RUB
42,11,49,54.087,346.78,0,RUB
43,11,13,55.265,536.51,20,RUB
44,11,48,280.884,204.96,10,RUB
45,12,50,122.253,395.79,10,RUB
46,12,8,91.648,356.15,0,RUB
47,12,42,123.59,518.24,0,RUB
48,13,23,405.787,365.19,0,RUB
49,13,61,305.291,361.02,0,RUB
50,13,7,43.017,384.5,0,RUB
51,13,32,141.832,254.21,0,RUB
52,14,20,14.286,395.19,0,RUB
53,14,9,385.511,443.02,20,RUB
54,14,60,408.52,94.42,20,RUB
55,14,50,257.21,323.07,0,RUB
56,14,47,202.965,368.0,0,RUB
57,15,52,232.923,241.66,20,RUB
58,15,7,63.839,255.41,0,RUB
59,15,12,89.423,497.48,20,RUB
60,15,50,379.712,177.45,0,RUB
61,15,58,491.6,501.69,0,RUB
62,16,51,472.21,370.31,10,RUB
63,16,62,395.329,350.71,20,RUB
64,16,42,361.994,291.81,20,RUB
65,16,70,208.547,401.46,10,RUB
66,16,59,266.501,370.68,10,RUB
67,17,57,422.554,479.68,0,RUB
68,17,29,306.154,555.94,10,RUB
69,17,61,197.46,233.62,10,RUB
70,18,53,322.842,421.15,0,RUB
71,18,55,230.471,436.24,20,RUB
72,18,20,397.357,331.36,20,RUB
73,19,59,248.52,327.31,10,RUB
74,19,46,359.316,366.21,10,RUB
75,19,14,442.368,556.22,10,RUB
76,20,4,237.894,266.87,10,RUB
77,20,21,444.653,276.96,10,RUB
78,20,61,48.281,313.94,10,RUB
79,20,24,183.839,489.7,20,RUB
80,20,28,280.287,335.56,0,RUB
81,21,31,358.441,125.73,10,RUB
82,21,61,39.345,197.95,20,RUB
83,21,65,117.16,328.76,20,RUB
84,21,16,191.921,230.44,10,RUB
85,21,18,207.672,294.12,20,RUB
86,22,5,70.416,185.9,10,RUB
87,22,12,381.661,502.1,10,RUB
88,22,1,384.183,178.51,0,RUB
89,23,21,312.268,186.6,10,RUB
90,23,30,203.256,129.49,0,RUB
91,23,12,31.567,364.95,0,RUB
92,23,34,477.244,300.07,0,RUB
93,23,65,215.004,191.16,0,RUB
94,24,65,140.099,191.16,10,RUB
95,24,70,395.636,283.69,0,RUB
96,24,44,239.47,329.27,0,RUB
97,25,13,278.483,336.79,20,RUB
98,25,12,171.994,494.55,20,RUB
99,25,3,170.001,197.38,0,RUB
100,25,18,337.198,188.71,20,RUB
101,25,41,298.992,404.4,20,RUB
102,26,34,157.279,241.15,20,RUB
103,26,36,495.743,352.96,0,RUB
104,26,69,476.529,421.89,10,RUB
105,26,56,402.82,465.11,10,RUB
106,27,14,463.765,420.12,20,RUB
107,27,41,275.683,508.78,10,RUB
108,27,12,212.196,364.95,10,RUB
109,28,30,42.497,109.86,10,RUB
110,28,45,463.801,262.09,0,RUB
111,28,37,223.455,253.26,10,RUB
112,29,4,440.762,266.87,10,RUB
113,29,21,464.639,276.96,10,RUB
114,29,62,298.327,244.5,10,RUB
115,29,68,220.752,473.61,0,RUB
116,30,43,50.226,416.53,20,RUB
117,30,21,14.16,320.27,20,RUB
118,30,18,219.986,232.23,0,RUB
119,30,37,467.843,441.71,20,RUB
120,30,35,327.505,239.9,0,RUB
121,31,49,52.885,190.85,0,RUB
122,31,70,447.511,302.18,10,RUB
123,31,52,58.986,241.66,20,RUB
124,31,7,50.349,255.41,0,RUB
125,32,23,311.563,350.76,20,RUB
126,32,1,45.125,122.28,20,RUB
127,32,70,149.378,383.77,0,RUB
128,32,22,236.545,260.04,10,RUB
129,33,59,427.557,327.31,20,RUB
130,33,41,89.775,312.76,10,RUB
131,33,70,407.033,326.19,10,RUB
132,33,56,476.335,339.61,10,RUB
133,33,58,153.89,339.2,20,RUB
134,34,14,28.031,506.83,0,RUB
135,34,6,297.965,390.02,0,RUB
136,34,18,82.363,290.96,10,RUB
137,35,3,223.314,380.46,0,RUB
138,35,62,465.638,205.4,20,RUB
139,35,14,471.864,420.12,20,RUB
140,35,66,367.396,371.26,10,RUB
141,36,65,25.376,395.0,10,RUB
142,36,52,200.884,241.66,10,RUB
143,36,16,237.117,247.38,10,RUB
144,36,57,394.025,345.46,10,RUB
145,37,70,248.578,283.69,10,RUB
146,37,27,82.602,428.31,0,RUB
147,37,30,127.611,129.49,20,RUB
148,37,43,252.725,329.26,10,RUB
149,37,65,454.58,191.16,20,RUB
150,38,18,61.253,290.96,20,RUB
151,38,61,108.839,313.94,0,RUB
152,38,56,172.934,522.85,20,RUB
153,38,40,430.309,283.76,20,RUB
154,39,29,402.137,555.94,10,RUB
155,39,2,482.43,230.46,20,RUB
156,39,50,278.09,395.79,20,RUB
157,39,30,498.427,179.11,10,RUB
158,39,40,31.812,503.68,10,RUB
159,40,68,457.912,473.61,20,RUB
160,40,43,290.23,557.13,10,RUB
161,40,14,419.053,506.83,0,RUB
162,41,61,140.029,206.51,20,RUB
163,41,40,122.318,376.06,0,RUB
164,41,39,476.484,458.6,10,RUB
165,42,16,409.068,237.9,20,RUB
166,42,67,470.559,306.46,0,RUB
167,42,54,255.858,500.56,20,RUB
168,43,31,125.068,306.67,10,RUB
169,43,40,284.77,331.51,10,RUB
170,43,56,96.846,480.68,20,RUB
171,43,48,108.126,348.67,20,RUB
172,43,59,220.455,364.6,10,RUB
173,44,61,339.187,360.92,10,RUB
174,44,12,89.312,497.48,10,RUB
175,44,44,110.006,367.22,0,RUB
176,44,49,187.101,190.85,10,RUB
177,44,17,161.651,125.92,20,RUB
178,45,25,482.92,314.86,0,RUB
179,45,39,384.801,261.45,10,RUB
180,45,50,69.505,282.77,20,RUB
181,46,61,183.088,233.62,10,RUB
182,46,10,405.235,516.04,20,RUB
183,46,57,473.021,479.68,20,RUB
184,47,3,272.057,394.69,10,RUB
185,47,56,495.646,465.11,20,RUB
186,47,12,182.177,296.69,10,RUB
187,47,37,428.218,288.12,10,RUB
188,48,60,351.704,285.21,20,RUB
189,48,39,121.108,263.14,20,RUB
190,48,30,467.56,179.11,10,RUB
191,48,43,283.154,397.01,10,RUB
192,48,40,199.765,503.68,20,RUB
193,49,46,213.612,93.68,0,RUB
194,49,69,485.096,457.17,10,RUB
195,49,4,51.76,322.94,0,RUB
196,49,28,301.378,495.7,20,RUB
197,49,60,385.401,132.63,20,RUB
198,50,5,395.212,274.4,20,RUB
199,50,22,165.363,261.37,10,RUB
200,50,36,273.17,276.6,10,RUB
201,50,53,153.791,422.67,0,RUB
202,50,57,36.907,345.46,10,RUB
203,51,56,487.813,286.21,10,RUB
204,51,31,46.805,199.94,10,RUB
205,51,51,371.928,232.92,10,RUB
206,51,68,21.139,331.18,10,RUB
207,52,16,56.627,255.38,10,RUB
208,52,49,386.319,346.78,10,RUB
209,52,62,445.32,193.39,0,RUB
210,52,65,292.442,412.59,20,RUB
211,52,46,402.182,95.99,0,RUB
212,53,21,454.097,367.57,20,RUB
213,53,61,155.798,206.51,10,RUB
214,53,62,378.628,342.32,0,RUB
215,54,24,62.346,489.7,10,RUB
216,54,6,30.837,390.02,10,RUB
217,54,13,208.934,501.58,0,RUB
218,54,4,139.498,266.87,20,RUB
219,54,40,470.432,283.76,0,RUB
220,55,20,92.991,279.32,20,RUB
221,55,40,259.745,250.53,10,RUB
222,55,48,12.59,204.99,20,RUB
223,55,26,438.786,455.78,20,RUB
224,55,36,399.384,243.92,0,RUB
225,56,66,76.743,265.62,20,RUB
226,56,63,211.656,169.58,20,RUB
227,56,22,150.955,467.95,0,RUB
228,57,27,103.671,552.88,10,RUB
229,57,43,348.737,335.24,20,RUB
230,57,49,100.335,190.07,20,RUB
231,58,45,203.412,238.46,0,RUB
232,58,60,145.509,276.31,0,RUB
233,58,65,291.542,265.9,20,RUB
234,59,56,80.748,286.21,20,RUB
235,59,25,327.502,370.02,0,RUB
236,59,40,435.713,277.66,10,RUB
237,60,61,183.057,285.12,20,RUB
238,60,58,430.476,508.07,20,RUB
239,60,66,128.957,196.58,10,RUB
240,60,37,475.08,244.14,10,RUB
241,60,50,33.977,376.79,0,RUB
242,61,48,151.646,401.49,10,RUB
243,61,14,64.104,583.34,10,RUB
244,61,26,78.942,354.68,10,RUB
245,62,13,325.683,501.58,10,RUB
246,62,28,108.453,335.56,10,RUB
247,62,14,421.339,506.83,10,RUB
248,62,61,142.123,313.94,10,RUB
249,62,21,118.077,276.96,0,RUB
250,63,22,191.709,324.88,10,RUB
251,63,9,348.055,443.02,10,RUB
252,63,48,432.381,348.67,20,RUB
253,63,6,401.736,361.0,20,RUB
254,63,1,207.82,157.86,0,RUB
255,64,41,461.695,303.12,20,RUB
256,64,7,253.548,433.63,20,RUB
257,64,21,11.652,320.27,0,RUB
258,64,49,170.415,135.92,20,RUB
259,64,62,387.146,161.03,10,RUB
260,65,47,351.053,270.91,10,RUB
261,65,19,297.234,313.97,20,RUB
262,65,20,206.957,331.36,20,RUB
263,65,55,286.956,436.24,10,RUB
264,65,36,57.084,284.7,10,RUB
265,66,39,173.38,480.93,0,RUB
266,66,70,221.103,280.17,20,RUB
267,66,2,18.051,234.8,0,RUB
268,66,41,60.564,303.12,0,RUB
269,67,13,118.159,501.58,0,RUB
270,67,4,117.051,266.87,0,RUB
271,67,11,27.942,418.26,0,RUB
272,67,14,459.92,506.83,10,RUB
273,67,6,68.936,390.02,10,RUB
274,68,23,375.745,350.76,0,RUB
275,68,15,31.644,158.3,20,RUB
276,68,1,145.77,122.28,0,RUB
277,68,30,332.076,78.93,20,RUB
278,68,40,367.046,392.5,10,RUB
279,69,62,351.226,244.5,10,RUB
280,69,28,379.13,335.56,20,RUB
281,69,5,351.01,275.16,0,RUB
282,69,40,372.061,283.76,20,RUB
283,69,43,290.135,557.13,20,RUB
284,70,50,154.55,325.4,0,RUB
285,70,11,334.214,262.57,0,RUB
286,70,55,313.137,350.19,0,RUB
287,71,21,242.128,304.98,0,RUB
288,71,39,93.974,493.1,0,RUB
289,71,23,271.185,296.5,20,RUB
290,71,51,423.025,385.64,10,RUB
291,72,65,408.174,328.76,10,RUB
292,72,20,359.712,274.7,20,RUB
293,72,25,281.949,314.86,20,RUB
294,72,41,270.124,388.49,20,RUB
295,73,14,309.365,583.34,10,RUB
296,73,32,146.796,180.43,10,RUB
297,73,24,307.078,351.61,20,RUB
298,74,70,72.122,383.77,0,RUB
299,74,23,122.572,350.76,20,RUB
300,74,51,271.436,352.15,0,RUB
301,75,10,439.142,402.33,0,RUB
302,75,15,127.837,174.11,0,RUB
303,75,54,259.124,500.56,20,RUB
304,76,41,415.774,303.12,0,RUB
305,76,37,219.583,441.71,0,RUB
306,76,51,78.459,374.7,0,RUB
307,76,43,352.4,416.53,0,RUB
308,76,1,263.798,318.95,20,RUB
309,77,54,496.448,314.12,10,RUB
310,77,31,24.68,125.73,0,RUB
311,77,11,392.223,495.57,20,RUB
312,77,50,348.533,282.77,20,RUB
313,78,6,477.013,397.42,0,RUB
314,78,39,225.1,261.45,20,RUB
315,78,41,327.298,388.49,0,RUB
316,78,51,395.858,260.77,20,RUB
317,78,34,484.635,367.0,0,RUB
318,79,36,277.43,391.91,0,RUB
319,79,54,304.171,497.41,20,RUB
320,79,64,274.607,283.03,10,RUB
321,79,32,250.658,264.03,0,RUB
322,79,37,83.783,221.9,10,RUB
323,80,54,11.37,373.65,10,RUB
324,80,40,444.038,250.53,10,RUB
325,80,27,179.223,293.98,10,RUB
326,80,56,53.457,433.11,20,RUB
327,81,50,142.011,395.79,0,RUB
328,81,36,495.427,446.43,10,RUB
329,81,10,334.049,516.04,10,RUB
330,82,48,127.791,204.96,20,RUB
331,82,25,429.453,278.24,20,RUB
332,82,49,235.412,346.78,10,RUB
333,82,63,395.396,336.71,0,RUB
334,82,13,388.46,536.51,20,RUB
335,83,35,419.1,325.67,0,RUB
336,83,64,446.2,240.71,20,RUB
337,83,30,371.868,129.49,10,RUB
338,84,59,361.909,327.31,0,RUB
339,84,5,268.877,380.77,0,RUB
340,84,6,205.857,430.14,0,RUB
341,84,58,85.882,339.2,0,RUB
342,85,30,338.053,137.68,20,RUB
343,85,49,160.673,190.07,10,RUB
344,85,67,87.711,285.84,0,RUB
345,86,22,480.779,324.88,10,RUB
346,86,59,50.262,364.6,0,RUB
347,86,31,412.798,306.67,10,RUB
348,86,48,473.272,348.67,20,RUB
349,86,9,201.042,443.02,10,RUB
350,87,1,153.978,157.86,20,RUB
351,87,5,21.399,299.19,0,RUB
352,87,20,240.218,395.19,10,RUB
353,88,50,282.484,325.51,20,RUB
354,88,9,264.186,343.5,10,RUB
355,88,53,172.46,403.34,0,RUB
356,88,6,238.185,179.39,20,RUB
357,88,2,40.15,212.06,20,RUB
358,89,28,183.981,475.65,20,RUB
359,89,14,136.281,386.8,10,RUB
360,89,32,442.905,347.63,0,RUB
361,89,41,203.413,491.39,0,RUB
362,90,27,128.137,388.66,0,RUB
363,90,19,319.128,329.63,0,RUB
364,90,25,251.365,387.25,0,RUB
365,90,18,208.447,188.71,10,RUB
366,90,41,499.727,404.4,0,RUB
367,91,32,56.701,347.63,20,RUB
368,91,48,430.605,193.08,20,RUB
369,91,34,362.94,351.71,20,RUB
370,91,25,446.994,279.61,0,RUB
371,91,49,456.64,289.47,0,RUB
372,92,21,266.696,178.82,0,RUB
373,92,7,129.749,398.16,10,RUB
374,92,48,173.587,311.73,20,RUB
375,92,26,354.391,266.57,10,RUB
376,93,2,398.12,207.42,0,RUB
377,93,8,444.083,316.99,0,RUB
378,93,7,162.502,255.79,0,RUB
379,93,24,406.172,338.57,20,RUB
380,93,25,323.251,427.24,20,RUB
381,94,41,22.924,404.4,0,RUB
382,94,12,380.695,494.55,10,RUB
383,94,39,105.406,276.14,20,RUB
384,94,33,87.262,271.14,0,RUB
385,95,20,350.754,274.7,20,RUB
386,95,39,154.035,261.45,20,RUB
387,95,50,272.691,282.77,20,RUB
388,95,42,30.998,416.92,10,RUB
389,96,59,67.091,364.6,0,RUB
390,96,10,218.993,353.5,0,RUB
391,96,22,470.034,324.88,0,RUB
392,96,48,438.666,348.67,0,RUB
393,97,54,85.456,497.41,10,RUB
394,97,62,45.613,133.01,20,RUB
395,97,41,114.298,383.67,0,RUB
396,98,2,290.3,212.06,10,RUB
397,98,21,316.925,367.57,10,RUB
398,98,4,217.992,217.07,20,RUB
399,98,37,325.634,430.42,0,RUB
400,99,41,12.43,499.14,20,RUB
401,99,34,492.722,217.59,0,RUB
402,99,15,177.879,265.47,0,RUB
403,100,49,193.408,379.77,20,RUB
404,100,10,70.827,319.74,0,RUB
405,100,2,336.843,246.39,10,RUB
406,101,21,150.025,224.26,0,RUB
407,101,37,468.131,288.12,20,RUB
408,101,58,497.728,463.85,10,RUB
409,101,5,295.621,319.27,0,RUB
410,101,4,207.399,303.69,20,RUB
411,102,56,265.884,480.68,0,RUB
412,102,40,272.28,331.51,10,RUB
413,102,67,293.847,444.87,20,RUB
414,102,23,476.448,243.95,0,RUB
415,102,22,81.997,324.88,20,RUB
416,103,53,421.201,362.1,0,RUB
417,103,47,154.272,300.3,0,RUB
418,103,42,390.372,291.81,10,RUB
419,103,15,208.064,233.47,20,RUB
420,103,34,480.708,261.85,0,RUB
421,104,33,234.019,146.66,10,RUB
422,104,7,486.448,255.79,0,RUB
423,104,20,324.549,192.66,0,RUB
424,104,13,377.146,445.52,10,RUB
425,105,29,77.876,555.94,20,RUB
426,105,61,380.936,233.62,10,RUB
427,105,60,415.727,285.21,10,RUB
428,105,41,480.41,499.14,20,RUB
429,105,31,67.725,129.81,0,RUB
430,106,41,276.805,432.82,0,RUB
431,106,56,222.731,433.11,10,RUB
432,106,59,55.814,336.52,20,RUB
433,107,32,406.284,254.21,0,RUB
434,107,36,339.286,446.48,20,RUB
435,107,45,442.321,262.09,0,RUB
436,108,52,82.986,388.03,20,RUB
437,108,47,400.179,279.05,10,RUB
438,108,36,426.384,446.48,10,RUB
439,109,51,222.782,347.72,10,RUB
440,109,58,454.596,488.54,10,RUB
441,109,34,40.676,154.46,0,RUB
442,110,31,33.479,306.67,0,RUB
443,110,5,193.844,299.19,0,RUB
444,110,32,309.913,392.05,10,RUB
445,111,59,96.823,370.68,20,RUB
446,111,19,265.686,219.21,20,RUB
447,111,70,475.218,401.46,20,RUB
448,111,31,211.456,257.08,0,RUB
449,111,51,34.647,370.31,10,RUB
450,112,46,89.533,366.21,20,RUB
451,112,32,472.036,150.57,0,RUB
452,112,70,365.75,326.19,10,RUB
453,112,58,338.983,339.2,20,RUB
454,113,49,491.171,362.48,20,RUB
455,113,11,352.647,449.15,20,RUB
456,113,60,42.729,194.03,10,RUB
457,113,41,21.14,383.67,20,RUB
458,113,66,340.57,363.91,10,RUB
459,114,60,465.999,132.63,0,RUB
460,114,46,178.923,93.68,10,RUB
461,114,51,63.27,352.15,20,RUB
462,115,70,305.434,379.71,0,RUB
463,115,68,196.116,328.97,0,RUB
464,115,23,377.665,241.03,0,RUB
465,116,35,446.786,325.67,20,RUB
466,116,34,155.397,300.07,10,RUB
467,116,41,300.352,508.78,20,RUB
468,116,65,481.007,191.16,20,RUB
469,117,41,144.942,491.39,0,RUB
470,117,62,125.889,137.64,0,RUB
471,117,1,344.204,228.77,0,RUB
472,118,61,93.456,360.92,0,RUB
473,118,67,46.837,445.76,0,RUB
474,118,49,323.141,190.85,10,RUB
475,118,30,448.19,167.53,20,RUB
476,119,11,368.302,307.82,20,RUB
477,119,39,224.586,276.14,10,RUB
478,119,12,434.626,494.55,0,RUB
479,119,45,438.619,181.89,20,RUB
480,120,9,377.633,368.15,20,RUB
481,120,39,21.23,276.14,20,RUB
482,120,29,298.42,486.24,20,RUB
483,120,18,321.959,188.71,10,RUB
484,121,57,431.45,462.0,0,RUB
485,121,2,188.892,189.13,0,RUB
486,121,26,194.297,354.68,0,RUB
487,121,20,51.333,293.31,0,RUB
488,122,37,437.991,441.71,10,RUB
489,122,18,17.268,232.23,10,RUB
490,122,50,274.147,340.88,10,RUB
491,123,2,170.422,246.39,10,RUB
492,123,51,484.769,191.62,20,RUB
493,123,60,477.897,276.31,20,RUB
494,123,47,299.41,156.38,20,RUB
495,123,8,141.574,325.85,10,RUB
496,124,6,348.979,446.92,0,RUB
497,124,21,334.534,419.39,20,RUB
498,124,20,222.244,400.17,20,RUB
499,125,70,318.463,278.31,20,RUB
500,125,40,51.167,503.68,10,RUB
501,125,29,231.413,555.94,20,RUB
502,125,31,258.692,129.81,0,RUB
503,125,15,350.687,265.47,10,RUB
504,126,8,274.242,224.21,20,RUB
505,126,41,101.513,383.67,20,RUB
506,126,49,231.483,362.48,10,RUB
507,126,44,392.321,363.77,20,RUB
508,127,54,429.942,480.91,20,RUB
509,127,46,458.506,242.43,20,RUB
510,127,41,253.641,370.3,0,RUB
511,127,39,420.152,493.1,0,RUB
512,128,10,165.944,516.04,20,RUB
513,128,60,10.321,285.21,20,RUB
514,128,15,101.256,265.47,20,RUB
515,129,31,497.292,156.86,10,RUB
516,129,20,366.567,242.21,10,RUB
517,129,54,345.95,497.41,20,RUB
518,130,43,141.478,319.26,0,RUB
519,130,20,467.773,331.36,10,RUB
520,130,19,235.736,313.97,10,RUB
521,130,16,106.093,191.62,10,RUB
522,130,1,414.97,206.42,20,RUB
523,131,30,434.483,243.8,0,RUB
524,131,46,277.629,95.99,20,RUB
525,131,36,467.923,191.53,10,RUB
526,131,14,208.402,411.51,10,RUB
527,131,31,49.007,132.69,20,RUB
528,132,26,484.628,436.7,0,RUB
529,132,14,207.789,411.51,20,RUB
530,132,45,118.61,163.63,20,RUB
531,133,20,284.367,279.32,10,RUB
532,133,23,190.923,375.01,0,RUB
533,133,53,476.298,444.31,10,RUB
534,133,15,264.278,120.05,10,RUB
535,134,47,160.243,270.91,20,RUB
536,134,36,68.789,284.7,20,RUB
537,134,14,447.995,435.4,20,RUB
538,134,51,46.51,347.72,0,RUB
539,134,53,457.801,421.15,20,RUB
540,135,46,52.145,95.99,10,RUB
541,135,31,112.991,132.69,10,RUB
542,135,36,53.222,191.53,10,RUB
543,135,48,232.302,204.96,10,RUB
544,136,11,126.693,262.57,10,RUB
545,136,17,229.19,369.07,10,RUB
546,136,33,32.438,122.66,20,RUB
547,136,53,140.22,431.63,0,RUB
548,136,23,351.592,350.76,20,RUB
549,137,70,474.508,401.46,0,RUB
550,137,51,351.079,370.31,20,RUB
551,137,7,241.715,428.47,0,RUB
552,138,50,283.324,323.07,10,RUB
553,138,22,207.075,324.88,0,RUB
554,138,40,468.235,331.51,20,RUB
555,139,20,146.974,249.9,0,RUB
556,139,43,77.727,557.13,20,RUB
557,139,14,175.566,506.83,10,RUB
558,139,11,491.745,418.26,20,RUB
559,139,28,147.011,335.56,20,RUB
560,140,65,159.225,445.02,20,RUB
561,140,51,456.139,385.64,0,RUB
562,140,61,408.085,231.72,10,RUB
563,140,39,492.839,493.1,0,RUB
564,141,1,327.197,206.42,0,RUB
565,141,32,45.647,220.72,0,RUB
566,141,14,74.253,435.4,0,RUB
567,141,33,401.663,154.05,10,RUB
568,142,53,320.173,431.63,20,RUB
569,142,11,371.696,262.57,20,RUB
570,142,28,59.181,495.7,10,RUB
571,143,35,230.012,338.89,20,RUB
572,143,39,396.526,263.14,20,RUB
573,143,36,475.234,446.43,20,RUB
574,143,41,212.507,499.14,20,RUB
575,143,50,13.119,395.79,10,RUB
576,144,12,408.648,502.1,20,RUB
577,144,44,276.249,363.77,0,RUB
578,144,5,371.153,185.9,0,RUB
579,145,27,38.902,428.31,20,RUB
580,145,21,13.976,186.6,0,RUB
581,145,17,264.599,229.2,10,RUB
582,145,38,138.571,239.06,0,RUB
583,145,65,109.939,191.16,20,RUB
584,146,41,335.927,383.67,0,RUB
585,146,12,395.592,502.1,10,RUB
586,146,53,245.239,372.06,10,RUB
587,146,37,137.567,221.9,10,RUB
588,147,57,260.355,345.46,20,RUB
589,147,22,373.532,261.37,10,RUB
590,147,66,450.829,451.69,20,RUB
591,147,53,128.134,422.67,0,RUB
592,147,16,202.323,247.38,20,RUB
593,148,40,107.177,277.66,20,RUB
594,148,55,366.869,509.53,20,RUB
595,148,25,331.144,370.02,0,RUB
596,149,34,369.075,347.0,10,RUB
597,149,26,332.051,455.78,20,RUB
598,149,1,46.928,210.02,10,RUB
599,149,16,125.773,267.47,20,RUB
600,149,20,80.498,279.32,0,RUB
601,150,69,214.759,500.81,10,RUB
602,150,6,365.145,430.14,10,RUB
603,150,30,371.186,195.25,10,RUB
604,150,70,117.244,326.19,10,RUB
605,150,14,152.023,556.22,0,RUB
606,151,53,11.317,403.34,20,RUB
607,151,4,95.422,217.07,0,RUB
608,151,47,89.424,316.06,10,RUB
609,151,2,130.78,212.06,20,RUB
610,152,5,74.027,299.19,0,RUB
611,152,9,408.037,443.02,0,RUB
612,152,22,76.011,324.88,10,RUB
613,152,50,204.595,323.07,20,RUB
614,153,32,249.583,312.87,20,RUB
615,153,26,443.564,459.63,20,RUB
616,153,15,256.696,312.43,20,RUB
617,154,20,322.339,242.21,10,RUB
618,154,31,462.908,156.86,0,RUB
619,154,12,108.978,502.1,10,RUB
620,154,32,489.215,264.03,0,RUB
621,154,18,462.047,291.78,20,RUB
622,155,15,437.283,85.36,20,RUB
623,155,61,450.284,361.02,0,RUB
624,155,41,21.192,388.98,0,RUB
625,156,23,244.205,243.95,20,RUB
626,156,56,435.25,480.68,20,RUB
627,156,31,104.497,306.67,20,RUB
628,157,53,254.934,421.15,20,RUB
629,157,58,484.033,488.54,0,RUB
630,157,33,204.932,154.05,20,RUB
631,158,19,378.803,254.22,0,RUB
632,158,21,36.217,304.98,20,RUB
633,158,6,387.975,228.34,20,RUB
634,159,25,228.781,387.25,20,RUB
635,159,19,178.04,329.63,20,RUB
636,159,48,463.51,335.0,10,RUB
637,160,11,16.57,262.57,0,RUB
638,160,17,233.118,369.07,20,RUB
639,160,38,407.517,241.86,20,RUB
640,160,60,60.778,132.63,10,RUB
641,160,40,96.307,392.5,0,RUB
642,161,16,335.813,191.62,0,RUB
643,161,51,83.563,347.72,10,RUB
644,161,33,194.033,154.05,0,RUB
645,162,20,360.68,221.38,20,RUB
646,162,67,302.139,285.84,0,RUB
647,162,52,391.817,332.89,20,RUB
648,162,26,253.313,433.78,0,RUB
649,162,25,390.418,370.02,0,RUB
650,163,48,160.403,335.0,0,RUB
651,163,39,113.886,276.14,0,RUB
652,163,13,137.085,336.79,0,RUB
653,163,23,445.17,438.23,0,RUB
654,164,70,39.551,283.69,20,RUB
655,164,66,313.518,371.26,10,RUB
656,164,14,362.232,420.12,0,RUB
657,164,9,221.299,433.54,20,RUB
658,164,30,20.966,129.49,0,RUB
659,165,3,319.55,380.46,0,RUB
660,165,30,118.7,129.49,20,RUB
661,165,70,434.563,283.69,0,RUB
662,165,24,132.352,240.3,0,RUB
663,166,59,447.591,347.53,10,RUB
664,166,20,315.224,192.66,10,RUB
665,166,1,226.978,335.14,20,RUB
666,166,24,391.406,338.57,10,RUB
667,166,70,192.265,271.12,10,RUB
668,167,5,236.255,199.37,0,RUB
669,167,49,64.175,135.92,20,RUB
670,167,51,39.105,374.7,0,RUB
671,168,52,230.17,307.75,10,RUB
672,168,1,384.088,228.77,0,RUB
673,168,8,249.602,342.78,10,RUB
674,168,28,262.977,475.65,20,RUB
675,168,62,16.433,137.64,0,RUB
676,169,51,237.093,239.81,0,RUB
677,169,58,259.098,537.62,10,RUB
678,169,54,231.952,378.86,0,RUB
679,170,8,477.405,442.05,10,RUB
680,170,11,157.116,326.53,10,RUB
681,170,26,95.741,354.68,20,RUB
682,171,34,354.67,154.46,20,RUB
683,171,58,134.343,488.54,0,RUB
684,171,1,110.235,206.42,20,RUB
685,171,2,12.679,249.42,0,RUB
686,171,55,499.882,436.24,0,RUB
687,172,63,296.722,336.71,20,RUB
688,172,21,127.868,409.54,0,RUB
689,172,1,352.744,320.99,10,RUB
690,172,65,19.3,412.59,0,RUB
691,173,66,43.228,196.58,0,RUB
692,173,38,34.783,435.38,20,RUB
693,173,44,247.97,465.59,10,RUB
694,173,29,70.918,429.97,10,RUB
695,174,7,412.068,398.16,20,RUB
696,174,20,381.071,331.36,20,RUB
697,174,38,319.227,228.58,10,RUB
698,175,37,135.206,257.58,20,RUB
699,175,16,255.9,267.47,20,RUB
700,175,27,155.838,293.98,20,RUB
701,176,9,299.255,483.99,20,RUB
702,176,66,68.936,196.58,10,RUB
703,176,48,197.288,321.14,20,RUB
704,176,61,377.454,285.12,0,RUB
705,176,27,211.335,303.84,10,RUB
706,177,66,131.638,371.26,0,RUB
707,177,62,383.476,205.4,10,RUB
708,177,30,99.678,129.49,20,RUB
709,178,32,90.92,254.21,10,RUB
710,178,17,425.58,271.22,20,RUB
711,178,4,78.388,248.08,0,RUB
712,178,52,238.962,388.03,20,RUB
713,179,45,319.104,290.11,20,RUB
714,179,47,317.607,335.12,0,RUB
715,179,34,426.313,325.86,20,RUB
716,180,62,451.408,161.03,0,RUB
717,180,7,50.915,433.63,10,RUB
718,180,70,481.634,280.17,20,RUB
719,180,21,419.777,320.27,20,RUB
720,180,30,316.721,320.32,10,RUB
721,181,55,231.133,404.81,10,RUB
722,181,16,265.754,230.44,20,RUB
723,181,31,464.28,125.73,20,RUB
724,181,65,491.599,328.76,20,RUB
725,182,60,215.206,274.49,10,RUB
726,182,41,241.905,423.83,0,RUB
727,182,54,416.117,378.86,0,RUB
728,183,48,51.176,321.14,0,RUB
729,183,29,260.34,429.97,10,RUB
730,183,66,340.427,196.58,20,RUB
731,183,13,142.504,440.62,0,RUB
732,184,47,31.136,335.12,10,RUB
733,184,48,122.375,195.1,0,RUB
734,184,7,136.739,359.25,0,RUB
735,184,21,397.157,419.39,10,RUB
736,184,32,65.122,312.87,10,RUB
737,185,17,283.512,125.92,10,RUB
738,185,49,364.204,190.85,10,RUB
739,185,70,62.434,302.18,10,RUB
740,185,43,294.707,369.12,20,RUB
741,186,63,362.974,336.71,20,RUB
742,186,44,220.361,419.07,10,RUB
743,186,14,231.999,411.51,10,RUB
744,186,46,84.328,95.99,10,RUB
745,186,31,15.691,132.69,20,RUB
746,187,29,277.889,486.24,0,RUB
747,187,33,256.241,271.14,20,RUB
748,187,3,480.476,197.38,0,RUB
749,187,12,140.3,494.55,10,RUB
750,188,7,268.333,255.79,20,RUB
751,188,34,292.118,241.15,10,RUB
752,188,33,20.807,146.66,0,RUB
753,188,59,53.699,347.53,0,RUB
754,189,11,114.538,307.82,20,RUB
755,189,23,209.74,438.23,0,RUB
756,189,33,177.447,271.14,0,RUB
757,189,25,31.458,387.25,10,RUB
758,189,19,167.397,329.63,20,RUB
759,190,21,158.023,185.32,0,RUB
760,190,67,138.47,306.46,20,RUB
761,190,29,57.707,429.97,10,RUB
762,191,17,72.121,369.07,10,RUB
763,191,38,301.328,241.86,20,RUB
764,191,15,378.974,158.3,20,RUB
765,191,33,30.497,122.66,20,RUB
766,191,53,478.649,431.63,20,RUB
767,192,48,263.316,321.14,0,RUB
768,192,27,395.766,303.84,10,RUB
769,192,67,315.048,306.46,10,RUB
770,192,47,317.029,200.28,10,RUB
771,193,21,225.77,224.26,20,RUB
772,193,7,196.77,255.79,10,RUB
773,193,37,347.458,288.12,0,RUB
774,193,25,170.39,427.24,20,RUB
775,193,54,137.997,388.25,10,RUB
776,194,11,351.526,307.82,10,RUB
777,194,25,445.685,387.25,0,RUB
778,194,12,182.118,494.55,0,RUB
779,194,48,242.496,335.0,10,RUB
780,194,19,344.555,329.63,0,RUB
781,195,70,211.287,271.12,20,RUB
782,195,69,327.333,421.89,0,RUB
783,195,63,262.187,182.03,10,RUB
784,196,62,329.15,133.01,10,RUB
785,196,21,405.427,328.99,10,RUB
786,196,60,269.873,194.03,20,RUB
787,197,36,253.777,191.53,0,RUB
788,197,30,170.168,243.8,10,RUB
789,197,63,138.444,336.71,0,RUB
790,197,46,411.894,95.99,10,RUB
791,198,11,393.433,418.26,10,RUB
792,198,40,386.323,283.76,0,RUB
793,198,28,104.221,335.56,20,RUB
794,198,14,404.58,506.83,0,RUB
795,199,64,387.508,240.71,10,RUB
796,199,12,353.293,364.95,0,RUB
797,199,21,63.115,186.6,20,RUB
798,199,70,173.661,283.69,20,RUB
799,200,53,98.712,394.87,10,RUB
800,200,35,219.809,239.9,10,RUB
801,200,1,350.035,318.95,10,RUB
802,200,64,162.202,215.25,0,RUB
803,201,3,491.912,394.69,0,RUB
804,201,36,192.53,352.96,20,RUB
805,201,37,409.49,288.12,10,RUB
806,202,56,358.374,286.92,20,RUB
807,202,48,72.648,193.08,0,RUB
808,202,49,94.716,289.47,20,RUB
809,202,34,442.414,351.71,10,RUB
810,203,55,407.875,436.24,0,RUB
811,203,56,82.165,380.95,0,RUB
812,203,36,460.566,284.7,0,RUB
813,203,43,109.907,319.26,10,RUB
814,203,32,122.116,220.72,10,RUB
815,204,24,321.423,383.69,10,RUB
816,204,30,491.867,320.32,20,RUB
817,204,41,95.666,303.12,0,RUB
818,204,9,70.469,265.85,20,RUB
819,204,5,350.411,199.37,0,RUB
820,205,37,329.581,430.42,10,RUB
821,205,40,372.486,376.06,0,RUB
822,205,62,424.3,342.32,0,RUB
823,205,6,64.588,179.39,0,RUB
824,205,25,85.54,496.21,20,RUB
825,206,17,389.041,206.95,0,RUB
826,206,34,129.019,261.85,10,RUB
827,206,70,326.082,401.46,20,RUB
828,206,7,373.708,428.47,10,RUB
829,206,42,93.163,291.81,0,RUB
830,207,23,402.586,369.35,0,RUB
831,207,2,307.303,246.39,10,RUB
832,207,43,481.535,504.44,0,RUB
833,207,45,134.916,238.46,20,RUB
834,208,25,256.49,279.61,0,RUB
835,208,63,140.715,109.73,0,RUB
836,208,8,172.202,342.78,0,RUB
837,209,21,225.865,178.82,20,RUB
838,209,34,150.437,154.46,0,RUB
839,209,38,422.854,228.58,10,RUB
840,209,11,494.56,447.14,10,RUB
841,209,3,134.51,212.66,20,RUB
842,210,29,305.356,433.32,0,RUB
843,210,21,230.665,367.57,20,RUB
844,210,6,62.505,179.39,20,RUB
845,210,69,346.258,458.95,20,RUB
846,210,9,338.064,343.5,0,RUB
847,211,24,288.27,240.3,10,RUB
848,211,30,494.204,129.49,20,RUB
849,211,9,262.101,433.54,0,RUB
850,211,64,443.552,240.71,20,RUB
851,211,38,303.437,239.06,10,RUB
852,212,36,77.39,276.6,10,RUB
853,212,12,123.95,497.48,0,RUB
854,212,50,432.305,177.45,20,RUB
855,212,49,274.819,190.85,10,RUB
856,213,49,265.517,346.78,0,RUB
857,213,31,288.326,132.69,0,RUB
858,213,46,83.964,95.99,0,RUB
859,213,43,492.812,312.89,20,RUB
860,213,45,279.356,163.63,0,RUB
861,214,54,92.214,322.6,0,RUB
862,214,48,31.943,204.96,0,RUB
863,214,46,17.302,95.99,0,RUB
864,214,30,96.107,243.8,0,RUB
865,214,13,17.976,536.51,20,RUB
866,215,26,339.022,354.68,20,RUB
867,215,40,460.58,292.02,20,RUB
868,215,17,245.615,150.81,10,RUB
869,216,1,55.541,206.42,0,RUB
870,216,3,459.462,212.66,0,RUB
871,216,56,449.893,380.95,10,RUB
872,217,5,145.418,380.77,20,RUB
873,217,1,324.342,115.53,0,RUB
874,217,56,164.282,339.61,10,RUB
875,217,3,434.514,373.86,20,RUB
876,217,21,165.032,267.27,20,RUB
877,218,41,11.719,491.39,10,RUB
878,218,32,472.295,347.63,20,RUB
879,218,49,298.28,289.47,10,RUB
880,218,11,418.705,314.09,10,RUB
881,219,13,202.564,520.22,10,RUB
882,219,68,156.555,331.18,0,RUB
883,219,52,357.39,332.89,20,RUB
884,219,67,421.954,285.84,0,RUB
885,220,26,313.121,266.57,0,RUB
886,220,33,266.168,154.05,0,RUB
887,220,36,189.969,284.7,20,RUB
888,220,20,382.502,331.36,10,RUB
